benchmark,model,variant,accuracy
CIFAR10,wrn_40_2,NT,94.73
CIFAR10,wrn_40_2,DA,95.26
CIFAR10,wrn_40_2,AT,95.08
CIFAR10,wrn_40_2,PAT,84.95
CIFAR10,resnet50,NT,94.84
CIFAR10,resnet50,DA,96.38
CIFAR10,resnet50,AT,86.83999999999999
CIFAR10,resnet50,PAT,82.41000000000001
Imagenet100,resnet50,NT,88.77551020408163
Imagenet100,resnet50,DA,89.91596638655463
Imagenet100,resnet50,AT,78.75150060024009
Imagenet100,resnet50,PAT,75.75030012004802
